/ /tutorials 301

# Redirect all old tutorial URLs to the new tutorials page.
/tutorial /tutorials 301
/tutorial/ /tutorials 301
/tutorial/* /tutorials/:splat 301

# Supported locales for "Build X with Y" tutorials: en, es, fr, and ja.
# Redirect other locales (de, ko, pt-BR, zh-CN, zh-TW) to the default en tutorial.
/de/tutorials /tutorials 301
/de/tutorials/ /tutorials 301
/de/tutorials/* /tutorials/:splat 301
/ko/tutorials /tutorials 301
/ko/tutorials/ /tutorials 301
/ko/tutorials/* /tutorials/:splat 301
/pt-BR/tutorials /tutorials 301
/pt-BR/tutorials/ /tutorials 301
/pt-BR/tutorials/* /tutorials/:splat 301
/zh-CN/tutorials /tutorials 301
/zh-CN/tutorials/ /tutorials 301
/zh-CN/tutorials/* /tutorials/:splat 301
/zh-TW/tutorials /tutorials 301
/zh-TW/tutorials/ /tutorials 301
/zh-TW/tutorials/* /tutorials/:splat 301
